{
    "code": 0,
    "msg": "...",
    "count": 3,
    "data": {
        "arch": "amd64",
        "cpuPercent": 7.682775712707541,
        "cpus": 16,
        "diskInfo": 0,
        "memInfo": 94.24643893377409,
        "os": "linux"
    }
}